Student ID,subject_knowledge,Explains concepts in an understandable way,Use of presentations,Degree of difficulty of assignments,Solves doubts willingly,Structuring of the course,Provides support for students going above and beyond,Course recommendation based on relevance,avg_score
340,5,2,7,6,9,2,1,8,5.459533199156379
253,6,5,8,6,2,1,2,9,5.215363209076646
680,7,7,6,5,4,2,3,1,5.301782440835905
806,9,6,7,1,5,9,4,6,6.972564182014917
632,8,10,8,4,6,6,9,9,8.356652187681071
832,7,2,7,8,3,5,1,4,5.75994412134928
772,9,3,5,2,10,3,8,1,6.176953797322531
961,9,8,7,4,4,3,3,10,7.310012552818929
814,6,5,8,6,4,4,7,9,7.2331951739357
863,5,9,4,7,9,4,4,5,7.050753412916153
576,10,3,8,6,6,3,6,9,7.15637790617747
702,8,4,7,1,2,1,8,8,5.831274870035494
541,5,4,4,2,2,7,8,1,4.861453391931584
552,5,6,7,2,7,4,4,2,5.375856671308128
510,6,7,8,3,4,7,7,6,6.691357410074074
159,7,7,6,6,3,9,3,1,5.460905162299383
223,9,10,4,5,7,10,10,6,7.920438694830761
807,8,3,4,2,2,4,6,1,4.851850872305556
525,9,9,4,3,5,5,9,2,6.462276458692386
799,5,6,5,4,2,1,1,7,4.965705477549897
24,9,10,6,10,2,10,1,9,7.148148127569446
509,8,2,7,5,2,3,4,4,5.067214748132201
797,9,10,4,10,9,2,10,7,8.707817967415123
418,8,8,6,7,9,5,2,8,7.189299909859567
48,5,5,4,2,1,10,10,9,5.807956052729424
657,9,5,7,3,2,8,10,6,7.142660386122428
864,9,8,5,2,3,9,2,8,6.927296621420782
861,5,6,4,5,4,4,6,6,6.174210204411523
118,9,10,7,7,4,6,9,1,6.777777641958334
387,7,3,8,1,6,8,6,8,6.397804747846193
282,5,6,7,3,8,1,1,9,5.37997222736214
503,8,6,6,3,3,6,4,10,6.432098159046296
934,5,6,4,6,10,3,4,10,7.272975548707819
781,8,3,4,5,1,8,10,5,6.5637850625246905
898,10,10,4,3,5,4,2,1,6.1001360850643005
474,8,3,7,6,4,3,7,7,6.267489140760802
704,9,9,8,6,8,4,8,5,8.080931934812243
977,9,5,4,4,6,3,1,9,6.458160680388374
454,9,6,6,1,10,8,10,7,7.737996711561213
295,5,7,6,3,1,7,2,9,5.3978048589711936
35,10,6,4,5,6,2,3,1,4.666666629625
304,9,9,4,6,5,1,7,2,5.784636124173354
56,6,9,6,8,9,6,2,4,6.318244109426955
922,8,10,7,4,5,9,3,5,7.631000255156893
569,10,7,6,9,2,6,2,5,6.647461590372942
186,6,4,4,4,6,9,10,10,6.8710560226826125
258,7,2,7,2,7,2,6,10,5.721536043095164
560,8,7,8,3,8,7,4,8,7.384087116666153
621,10,4,5,1,5,10,1,10,6.593963584420782
568,10,7,4,6,10,8,10,8,8.64334636769393
393,6,9,8,7,5,8,1,4,6.530863725592592
12,8,10,7,2,8,9,6,6,7.006858704465021
798,7,2,8,7,10,5,3,5,6.961590254870885
740,8,10,7,3,2,10,10,1,7.3813434126301445
184,10,9,8,6,4,8,8,9,7.991769332391976
410,7,2,5,2,6,6,3,10,5.680383594055041
480,10,6,7,8,5,3,1,5,6.275719586118828
84,7,4,6,10,7,7,8,9,7.355281113538066
89,9,9,4,5,1,2,3,9,5.364883299789095
763,6,9,6,7,6,10,2,5,7.4128934531692385
86,7,8,6,8,3,10,2,7,6.484224868605453
867,6,4,6,4,2,7,5,3,5.807955052604424
248,6,6,4,6,6,6,2,3,5.208504504611626
751,7,3,8,10,2,7,2,6,6.647461368122943
522,6,9,8,10,9,5,3,6,7.70644655989712
696,5,5,4,9,3,1,8,6,6.072701489454218
274,8,2,4,7,10,8,5,8,6.866940688878601
921,9,7,5,10,10,9,6,4,8.75308530575926
957,6,2,7,8,5,9,5,4,7.054868524470164
88,9,4,4,9,9,9,7,10,7.735253674275206
149,5,6,5,1,8,9,7,8,6.320987480087963
737,7,9,4,5,5,2,2,1,5.37997167173714
891,7,2,4,9,6,9,7,9,7.838133352250515
1,9,6,8,7,6,5,3,10,6.742112489865226
868,7,9,7,2,6,2,9,4,6.932783584992799
895,5,5,7,7,2,1,8,9,6.720163524327161
638,9,10,8,2,1,1,4,8,6.2427975824367286
707,5,6,6,5,1,9,6,9,6.83676183360751
432,9,9,6,8,2,3,2,4,5.96021895847788
988,7,4,6,7,6,9,7,1,7.222221024541666
742,7,7,8,2,1,1,8,1,5.38683037620216
730,6,5,4,5,6,6,7,2,6.119340679816357
321,5,7,6,2,3,5,3,5,4.9341559926358025
904,8,5,8,9,7,9,8,6,8.729765710578189
171,6,10,4,6,1,6,2,3,4.978051923461934
695,10,4,4,1,5,8,7,1,5.946501216172839
498,8,5,4,5,10,7,1,10,6.924553584134774
446,7,8,5,10,10,2,5,9,7.602194252028806
982,9,10,7,5,6,6,1,5,7.46364764396039
981,7,6,7,5,4,6,8,3,7.0877903059022636
849,6,10,6,7,7,4,10,7,8.27983436429784
297,7,10,6,8,10,10,2,8,8.021947520913066
713,8,6,7,5,2,7,10,8,7.593963473295783
192,8,4,8,6,3,5,1,5,5.2565155469917695
561,9,6,4,8,6,8,3,3,6.636487663228909
364,6,6,7,9,6,4,7,6,6.8655688368605965
40,6,7,5,6,10,5,6,3,6.046639190362139
521,5,9,4,2,1,8,3,7,5.582989768401749
201,8,2,8,9,8,8,9,4,7.266117733242798
780,6,4,4,10,6,5,6,8,7.18655598357356
853,7,9,4,8,9,4,10,2,7.786007198316359
202,5,6,6,10,3,4,2,8,5.769547085475309
421,6,3,8,10,6,8,7,9,7.692729262092079
671,9,8,6,10,10,7,7,8,9.034292744450104
334,5,9,4,3,8,10,4,2,6.0754454157402265
843,6,8,5,4,5,5,10,6,7.272975659832819
57,10,7,6,10,4,4,2,4,5.945130253154836
353,6,7,5,3,6,6,7,5,6.101508492707304
681,7,2,7,5,2,1,3,7,5.178325649340535
394,6,3,6,10,7,4,3,3,5.78326427215535
188,7,6,8,9,9,8,9,10,8.49657042551749
641,5,10,6,7,4,2,5,4,6.24691280511574
544,10,7,8,4,6,5,7,8,7.611796327154837
163,9,3,4,7,3,8,6,8,6.2153633202016465
283,9,2,6,1,2,10,5,5,5.381343968255144
820,6,5,4,9,2,5,10,7,7.11659708690535
254,6,6,6,8,9,4,4,8,6.7146773386301435
221,9,6,8,1,8,2,5,6,5.920438694830761
736,8,2,8,8,2,6,5,4,6.377228189951132
280,9,10,4,7,7,3,5,4,6.500685537071502
976,5,2,5,5,7,9,4,3,6.331960407106996
481,9,10,8,9,1,3,1,9,6.901233988953703
80,7,6,4,1,5,6,1,8,4.85322350219856
473,10,10,7,5,2,6,10,5,7.514402723751543
762,10,7,5,7,8,9,3,4,7.661178777052983
385,5,2,6,7,3,2,10,1,5.021947409788066
195,9,7,5,5,10,10,5,1,6.758573158331276
144,8,6,5,6,3,8,2,6,5.689986113681069
767,10,10,8,3,9,6,4,8,8.292180143459877
300,6,8,4,5,5,9,5,4,6.1536347577664605
580,5,2,5,8,6,5,4,9,6.288065143030864
216,5,9,8,2,4,8,9,10,7.161865314249486
583,9,3,4,6,5,3,8,7,6.417008898098251
881,7,9,5,9,4,5,4,8,7.574758878543725
488,8,8,6,9,7,4,6,1,6.786007642816358
892,5,8,8,9,6,9,10,6,8.838133352250516
152,7,2,5,1,5,10,5,6,5.326474443659979
925,7,10,6,7,9,10,1,3,7.884772542612655
729,9,9,8,7,5,4,5,5,7.4910827951954735
647,5,5,8,8,9,6,9,8,8.127571236299381
686,8,6,5,5,2,6,5,8,6.558298210077675
93,9,10,6,4,9,6,7,8,7.492455313963477
485,8,4,7,1,4,7,1,4,5.159121499088477
59,5,8,5,6,10,3,4,10,6.447187864494342
907,10,4,7,6,1,2,5,1,5.737996155936214
158,10,6,5,6,2,10,3,8,6.458161680513374
955,10,4,4,1,10,1,10,10,7.551439172237655
758,8,3,7,7,9,6,7,5,7.530863281092593
605,6,4,4,4,7,5,5,2,5.448558938637346
475,10,6,4,9,3,1,6,7,6.393689414042181
154,9,7,4,8,2,6,3,9,6.2030176521646085
79,6,4,6,6,6,4,9,10,6.474622682354424
36,10,6,5,2,1,9,9,6,6.041152226790123
562,6,3,6,7,8,7,4,1,6.013716742180041
231,10,7,8,1,3,3,3,3,5.060356377042181
869,8,7,6,2,9,4,1,7,6.684498261109053
608,7,4,6,5,4,7,8,7,6.8257880175884775
846,10,7,7,4,7,10,7,1,7.77640501206533
542,10,4,7,7,2,2,5,9,6.485596053873457
941,9,3,7,2,9,7,3,1,6.408778008240226
919,10,2,8,5,6,3,8,5,7.127570902924382
352,6,2,6,3,5,3,8,6,5.3511655574840535
839,9,2,5,10,4,4,9,1,6.64334603431893
266,8,8,5,6,6,8,2,2,5.982167035015946
298,8,4,8,9,7,1,7,3,6.2757198083688275
929,10,2,6,1,1,9,9,7,6.891631247077675
574,6,4,8,5,9,5,7,10,7.528120021556584
250,5,7,7,3,1,6,3,1,4.462276792067387
616,9,8,6,9,6,3,5,8,7.585733139062757
164,8,5,7,10,8,9,10,1,7.465020384978396
827,6,3,4,9,7,8,7,6,7.3758563379331274
228,7,6,6,1,6,6,6,9,6.179697945858539
787,10,10,5,10,1,9,3,8,8.06995789654321
317,8,8,4,1,10,10,9,1,6.801097014889404
110,9,6,4,1,4,7,9,5,5.768175455707304
165,6,2,6,2,2,10,2,2,4.220850283773662
701,5,9,7,1,9,9,1,9,7.203016985414608
362,7,9,6,7,4,8,1,2,5.989025628355967
890,8,7,5,3,9,1,4,5,6.4636477550853915
728,10,9,4,8,5,2,3,10,7.364882521914094
466,9,8,5,5,6,2,10,4,6.755829343170268
709,9,3,6,4,4,8,10,1,6.58984825061677
482,10,3,4,3,10,1,8,5,6.153634535516461
406,9,10,6,1,6,1,9,2,6.049382227648149
66,8,5,8,7,6,1,9,9,6.70644711552212
862,6,5,6,5,7,2,10,8,7.299038736799897
61,9,8,6,5,3,10,6,6,6.699588411057099
111,7,9,7,1,10,10,3,10,7.267489585260803
147,6,8,4,6,9,6,8,7,6.942386660243828
211,7,4,4,3,7,8,7,10,6.530863947842593
996,6,5,6,10,8,7,8,4,8.106994678404321
459,8,5,8,6,6,1,8,4,6.371741559754115
81,5,5,6,5,7,3,9,5,5.728394969810186
288,5,9,6,9,4,4,2,6,6.0123453346620375
6,7,10,8,3,3,4,1,2,4.751714676116255
547,6,6,8,5,1,2,2,8,5.493826499231481
30,6,2,7,5,1,10,9,10,6.282578846208848
445,9,4,4,2,4,8,1,6,5.353908928145062
591,6,9,8,5,10,6,2,10,7.801096681514404
770,10,10,5,7,10,7,7,10,9.294923625245884
484,9,6,8,10,3,2,8,4,6.905349211632716
180,8,4,4,1,6,9,6,1,5.1152261238873455
946,5,5,5,6,1,3,10,5,6.290808180316873
901,9,8,6,1,2,9,8,2,6.85322250207356
517,10,5,7,7,5,10,6,5,7.574759323043724
545,9,4,8,1,8,6,2,4,5.990397146998971
918,8,3,8,9,9,1,6,1,6.87654209725463
652,8,3,4,8,3,2,2,3,5.013716631055042
471,10,10,4,8,2,2,4,7,6.513030982858539
323,6,8,7,5,4,1,9,3,5.810699201140433
276,8,5,7,9,1,10,1,2,5.746227379169238
672,7,8,5,6,5,10,5,10,7.912207693847737
337,10,7,6,8,9,5,1,1,6.3292177031959875
468,7,7,8,4,2,1,5,10,6.134430163014404
380,8,8,4,8,2,4,9,2,6.138545496818415
755,9,8,7,2,9,6,3,7,7.401919526025206
267,8,9,4,4,8,4,8,1,6.108367308297325
598,9,3,4,9,3,4,5,1,5.563785284774692
128,6,2,6,1,9,3,9,2,4.919067065062758
444,8,2,6,10,7,2,4,8,6.475993978747429
572,6,5,4,4,8,6,8,9,7.026062410217078
319,8,3,6,6,7,10,8,4,6.928669029063786
390,8,6,7,5,1,4,3,9,5.902605840971708
176,10,2,6,7,4,10,1,3,5.609053289868827
883,7,4,4,2,8,6,7,4,6.4540455688343625
831,5,2,8,3,5,10,7,7,7.006857704340021
220,10,5,8,7,9,7,2,7,7.167352277821503
17,7,6,5,3,9,5,5,2,5.266117955492799
938,10,10,6,5,2,9,9,9,8.776404900940328
651,8,7,6,3,9,10,6,1,7.134429940764402
953,5,10,8,10,6,4,6,4,7.923181287616769
902,5,8,6,10,4,5,5,9,7.728393969685184
167,7,7,5,8,6,9,9,8,7.593964140045781
669,9,3,4,5,2,2,1,6,4.912207693847737
859,8,3,5,9,10,3,1,6,6.795609384567387
120,8,4,7,5,4,4,10,6,6.156378461802469
293,10,4,7,1,6,7,7,4,6.1440325715154325
789,10,2,8,7,9,8,1,4,7.198901651610596
182,5,2,7,2,3,6,1,9,4.618655476119856
369,10,5,4,4,3,7,4,10,6.3731134117721195
207,6,8,6,7,9,7,2,5,6.525376984270576
842,10,7,5,3,3,6,4,6,6.647461256997943
38,5,8,7,6,10,8,9,5,7.292181032459876
495,5,4,7,9,6,10,5,9,7.544581023397634
942,10,6,8,3,7,8,4,5,7.658435073016976
752,10,7,4,4,4,9,10,7,7.897118432899692
940,7,3,6,9,10,8,3,5,7.655691591230966
648,5,7,7,9,6,3,10,3,7.130314718085391
125,6,2,4,5,9,7,7,7,6.038408633879115
516,10,2,8,9,2,3,3,1,5.451302531548354
963,9,6,4,5,3,3,6,6,6.563784840274691
215,5,6,6,2,1,9,5,8,5.537722652307613
823,7,5,8,3,4,3,1,10,6.246912582865741
840,5,7,5,6,9,9,10,6,8.267488696260804
429,8,3,5,1,8,1,8,9,5.956103735798869
109,6,3,5,6,1,6,6,10,5.517146650037551
795,6,9,8,4,2,6,10,6,7.4567891617453705
760,9,4,4,3,8,5,10,1,6.5349785037716055
536,10,10,4,7,8,7,6,2,7.475993867622429
888,6,6,5,2,3,6,6,3,5.8367616113575105
719,10,10,8,7,6,10,6,4,8.600822177760802
654,6,4,4,9,5,8,8,2,6.639231033889917
947,7,3,8,1,5,9,7,2,6.541836985986625
403,5,7,6,6,5,6,4,6,6.17009553735751
124,9,9,7,9,1,9,4,3,6.536351022539609
548,9,8,6,7,1,2,7,6,6.493826499231481
880,7,3,6,3,5,3,3,10,6.200273281378601
939,10,10,7,4,1,2,3,9,7.030177188396091
166,6,10,4,4,4,8,4,6,5.96982147810391
885,5,6,7,7,2,2,5,7,6.331960518231996
112,7,9,6,9,1,7,1,2,5.39643334032819
811,8,8,8,6,1,4,9,1,6.7297658217031895
213,10,8,4,10,1,5,6,2,6.0342933000751025
375,10,4,4,1,3,4,7,9,5.757201195188271
897,6,7,4,1,9,8,8,7,7.471878200443415
460,7,8,5,6,7,7,6,7,7.24691302736574
416,6,2,5,8,9,6,3,7,6.312756701354939
571,8,9,7,3,1,8,9,7,7.2743477341008225
744,8,5,7,3,10,4,6,7,7.262001843813786
378,9,8,7,2,4,7,2,6,6.135802015032407
121,5,9,5,2,4,5,6,6,5.408779008365226
462,10,4,8,5,4,6,4,7,6.625513847209877
777,8,6,4,6,4,7,10,1,6.8079551637294236
845,5,10,6,8,4,4,4,5,6.901233544453704
533,6,10,5,7,2,5,10,10,7.59670717733179
450,5,2,6,2,4,5,1,4,4.237310841114712
717,6,2,4,6,6,2,6,9,6.101508048207304
469,10,8,6,1,3,5,8,10,7.009601630626029
670,7,7,8,1,6,1,2,1,5.038407967129115
137,8,2,5,2,4,9,7,8,5.805212459818416
801,10,7,4,3,6,1,10,4,6.716048412773148
315,5,10,5,10,8,4,8,4,7.172839130268518
153,7,7,5,3,8,9,8,9,7.200274170378601
190,8,6,7,5,6,4,3,8,6.127571791924383
22,7,9,4,1,2,8,10,4,5.6474622571229425
949,9,8,7,1,7,6,9,4,7.668037259268004
523,10,2,6,9,7,5,10,9,7.957475365566872
527,5,6,5,2,8,6,9,8,6.839505537643518
461,7,10,7,6,6,8,4,9,7.747598897812243
244,5,8,4,9,3,10,1,3,5.702331670593107
363,9,3,8,10,2,7,5,1,6.115225901637346
610,8,10,6,8,2,1,5,1,5.954731772655864
381,9,2,8,8,1,9,1,2,5.515774575769547
954,8,8,6,3,9,5,7,2,7.300410366567901
604,10,9,8,9,4,8,7,9,8.817557572230452
414,10,6,4,8,2,9,9,3,6.934155881510803
151,8,7,5,10,8,3,8,6,7.072702156204218
721,6,9,4,1,4,10,10,9,7.604937400439815
664,10,8,7,4,8,2,1,10,7.152262572373457
956,7,2,6,5,2,3,8,7,6.304525589246913
747,5,3,5,6,5,10,3,6,6.392317339774177
438,9,6,5,9,2,3,9,3,6.342935001001028
975,5,10,4,8,7,6,8,3,7.703702522486111
277,5,6,8,7,2,7,1,10,6.1220847172273665
312,7,2,7,6,6,3,7,2,5.421124454152263
565,10,9,7,10,4,8,5,4,7.89025995068467
739,8,7,5,10,1,1,8,1,6.131686347853395
584,8,8,5,8,6,6,9,4,7.541837430486625
894,6,3,5,4,7,1,5,5,5.720163524327161
270,9,10,5,9,6,4,7,7,7.485596387248457
966,7,4,5,3,1,8,10,2,6.318242998176954
489,7,2,5,8,1,1,8,8,5.663922592213992
665,6,3,4,2,8,5,8,5,6.0301775217710905
71,9,10,8,4,9,3,8,2,6.71330581998714
603,7,2,7,1,7,7,1,7,5.695472521628087
196,8,10,8,10,6,7,7,7,8.1330587554964
804,9,3,7,6,10,7,9,7,8.342934556501028
837,5,10,4,1,4,8,9,1,6.3909454877561735
530,6,5,4,9,1,2,3,6,5.220849839273662
720,6,6,6,9,10,4,6,7,7.728394191935185
272,5,4,6,4,4,7,7,9,6.115226012762346
984,5,10,6,4,2,10,4,6,7.21673406096965
185,10,3,8,4,1,10,7,9,6.744855749401235
487,6,6,4,2,10,10,1,9,6.659807369534979
75,8,9,8,6,2,7,9,10,7.467763977889403
718,6,3,6,7,6,6,2,6,6.227708321488683
496,10,7,4,6,10,5,3,6,7.04663863473714
630,5,5,4,8,3,6,6,8,6.481480720069444
637,8,10,5,6,10,8,2,2,7.24005410065072
360,9,9,8,2,3,1,8,6,6.235939211346707
183,6,7,5,5,4,7,1,9,5.74348400850823
689,10,8,7,8,1,9,5,10,8.185184353805555
236,6,9,6,4,1,2,8,4,5.316872146283951
768,6,6,6,3,5,9,8,3,6.7956094956923865
316,7,2,7,8,6,4,2,9,6.050754079666152
396,6,10,4,6,1,2,4,10,5.910836286329732
212,6,4,4,6,5,10,10,2,6.157750091570474
830,9,7,7,10,7,8,6,4,8.378599819719135
209,9,8,5,3,3,10,7,2,6.153634868891461
62,7,4,4,5,3,10,2,1,4.578875101347737
447,8,7,7,1,4,7,10,9,7.229080395756687
100,6,6,6,10,7,5,7,8,7.002743370661008
305,10,8,8,4,6,3,10,4,7.0342931889501035
494,10,6,6,6,4,10,2,9,7.29355221772788
328,10,6,5,4,6,10,8,2,6.816186164712448
854,8,2,8,4,6,2,4,7,6.289436550548868
866,5,10,4,8,3,7,4,5,6.93004010320679
943,8,9,7,10,6,7,7,6,8.783263605405349
734,9,8,5,3,10,1,8,3,6.8737988377186205
189,9,3,6,2,3,8,10,7,6.251028583419753
404,10,5,7,8,1,5,10,4,6.795609940192387
518,7,4,8,5,7,9,2,6,6.702331337218108
856,6,9,4,6,8,8,3,8,7.665293888606996
70,9,2,5,8,10,9,7,6,7.086419676259259
457,7,4,8,2,3,6,8,4,5.869683948414608
148,5,4,4,4,8,10,5,5,5.820301609641461
958,10,10,5,8,5,10,7,8,9.178325315965534
356,7,3,7,6,4,2,1,10,5.481481053444444
793,10,9,6,4,7,6,8,3,7.703702744736112
771,8,7,6,4,8,7,3,2,6.674896185983025
452,5,6,7,9,7,8,6,1,6.73662497066821
72,8,7,7,3,4,1,4,7,5.21673517221965
710,7,2,6,5,7,7,6,10,7.2153626534516455
980,6,3,7,1,5,4,9,4,6.212618838290638
145,6,8,4,6,1,3,2,7,4.8175581278554525
960,6,9,6,1,3,3,5,8,6.434841085207305
660,5,7,7,3,10,3,3,4,6.148147349694444
987,9,10,7,8,7,3,8,7,8.718791672309157
534,9,5,7,5,2,6,10,8,7.223593321059671
858,9,5,5,3,2,2,7,7,6.17009498173251
324,10,5,5,2,2,5,7,6,5.687242409645062
884,7,4,7,10,5,1,7,4,6.82990290689249
611,8,9,5,3,9,5,8,3,7.079560305044239
136,8,6,7,10,9,9,2,3,6.927297510420782
705,9,3,6,3,3,5,1,2,4.961590365995885
991,7,4,5,8,9,8,5,1,7.2263362472206785
676,9,8,5,7,4,10,2,6,7.2935519954778805
769,9,8,8,8,1,1,8,5,7.04663830136214
246,7,10,8,8,4,10,3,8,7.577503138204733
644,9,6,8,2,7,6,4,6,6.875170689736625
263,7,9,4,7,9,8,10,7,7.975308330550926
476,9,4,6,4,8,6,4,10,7.019203816877058
697,7,7,6,1,8,10,5,2,6.698215892289095
95,7,2,5,5,9,6,8,3,5.747599342312243
688,8,6,7,5,6,1,4,10,6.810698756640432
633,8,2,4,7,4,6,7,4,6.1111103455833335
241,8,3,8,8,10,1,8,6,6.821673239409465
524,9,8,4,6,10,1,9,10,7.834018574071503
504,9,4,5,6,6,1,7,10,6.683126964716049
417,9,6,7,9,5,1,7,2,6.3141284422479425
554,6,6,8,2,4,6,4,10,6.502056944589507
656,6,2,7,2,5,6,9,9,6.641974515675926
19,10,4,6,3,9,10,9,3,6.7668038259393
275,8,5,4,9,5,5,8,10,7.117969494548354
478,5,10,7,6,8,7,3,9,7.5212614282165635
132,6,9,5,8,10,3,2,10,6.796982014460391
515,8,3,5,10,3,4,9,4,6.448559049762346
44,8,9,5,3,6,9,4,9,6.676268815876028
388,6,10,4,5,6,4,4,9,6.524005021127572
204,8,7,6,3,3,10,3,6,6.021947632038066
338,5,2,4,6,9,10,9,4,6.5802465088657405
619,8,7,6,4,3,9,3,8,6.840877167411523
205,8,4,4,2,1,7,9,7,5.524005243377572
39,7,3,7,10,6,4,8,2,5.920438917080761
53,5,8,5,1,10,8,5,7,6.189300354359568
58,9,3,7,1,2,3,10,7,5.322359332105967
157,9,6,8,2,8,4,4,3,5.7078187452901235
28,8,6,6,9,9,9,4,7,7.278463623529835
833,8,6,7,7,7,9,10,9,9.006857704340021
252,8,9,4,6,10,2,7,5,6.711933856844136
658,8,5,6,7,10,4,6,4,7.144032127015432
179,6,3,7,6,2,6,5,2,4.864197318217593
851,9,6,4,10,2,1,3,10,6.784635457423353
809,7,8,7,5,10,2,8,8,7.975307663800925
330,7,7,5,7,9,10,2,2,6.569272581721708
94,10,10,4,7,8,2,4,4,6.245541730972736
826,10,5,7,2,8,7,10,5,7.873798726593622
227,9,3,6,4,7,4,4,7,5.803840607800412
1000,9,8,5,4,10,7,7,10,8.861452836306585
114,10,9,7,1,8,4,4,2,5.773662419279321
251,5,9,6,9,6,4,5,2,6.086419454009259
613,5,6,6,3,9,4,2,9,6.3333325925
101,10,5,6,6,9,8,10,3,7.253772176330762
871,7,8,7,10,10,7,2,2,7.810698534390432
551,6,3,5,7,3,1,9,10,6.248284657133745
931,6,5,7,3,6,5,6,10,7.268860326028807
49,8,7,8,8,1,1,8,3,5.559670728845679
512,5,10,7,9,9,9,6,9,8.691357410074074
261,9,9,7,7,4,10,5,9,7.847736316376544
754,6,9,4,4,3,10,2,10,7.026062187967079
345,8,2,8,9,10,10,9,5,8.087791083777264
970,10,9,5,7,6,7,4,7,8.196157947574589
990,6,9,6,4,9,5,10,8,8.47324983021142
911,6,4,4,10,9,4,7,2,6.991768443391975
909,9,8,5,9,5,6,9,7,8.486967350266461
817,6,5,7,10,10,4,6,6,7.861453058556584
733,10,10,5,1,4,1,3,4,5.748970305330247
626,7,9,5,4,9,4,3,1,6.101508159332305
292,7,9,8,1,5,4,7,4,6.017832298234054
82,5,10,8,4,4,10,5,5,6.478737905033436
355,10,8,5,6,5,10,1,8,7.102880233600309
948,9,5,4,7,9,3,5,7,7.417008453598251
341,9,4,4,4,7,5,5,8,6.20987613437963
952,7,9,5,7,8,8,10,5,8.670780741054012
711,7,3,4,6,3,7,6,4,5.968449070460905
635,7,3,8,6,7,4,10,5,7.112482086476338
850,5,8,7,4,8,7,8,6,7.781891975637346
716,6,3,7,9,2,3,3,6,5.850479242537551
627,10,2,4,1,6,5,9,5,6.102879900225308
661,6,10,4,3,8,2,7,6,6.648833220140947
877,8,9,4,5,10,10,10,2,8.44307164169033
177,8,2,6,2,8,1,9,9,5.86008209553858
322,8,10,7,3,3,3,1,5,5.434841863082305
914,9,2,4,2,4,2,2,9,5.497941277410494
486,10,9,5,1,4,10,6,9,7.407406822972222
723,6,10,5,3,10,3,6,4,6.858709687895576
105,9,10,5,1,3,1,1,2,4.138545830193416
52,6,10,4,1,7,3,10,2,5.438957419136317
436,9,9,4,10,1,10,10,2,7.463648310710391
829,6,9,5,3,2,2,10,9,6.879285690165638
753,5,10,8,7,5,10,9,7,8.647461368122942
130,7,9,5,9,3,2,5,4,5.670781741179012
91,6,5,4,2,5,8,3,3,4.618655587244856
590,10,3,4,4,9,9,6,2,6.676268149126028
965,10,3,4,5,10,3,7,3,6.9410139192258224
99,8,9,6,2,2,3,10,6,5.877914838272634
912,7,10,7,10,2,7,5,7,8.116596975780348
395,9,6,8,2,7,9,8,10,7.9067210636507195
923,6,3,5,6,9,4,10,3,7.008229334108025
499,7,9,8,3,5,1,5,2,5.677640001144033
115,5,5,7,1,3,8,1,10,5.150891498230453
815,5,9,6,6,2,9,5,3,6.735252785275206
570,10,10,6,8,9,2,8,10,8.646089849479939
825,9,7,8,1,3,2,9,3,6.374484597040124
620,9,5,8,2,8,10,8,8,8.090534232188272
175,10,9,8,2,1,6,7,2,5.857338613752572
358,5,7,4,3,3,10,3,4,5.359396002842079
191,7,4,5,2,5,10,4,7,5.754457935652264
492,6,5,8,10,3,8,3,2,6.292180476834877
529,9,6,6,1,4,10,1,7,6.218106357487654
389,5,5,8,6,2,3,5,7,5.651577035301955
878,6,5,8,4,10,3,9,10,8.06995778541821
368,7,9,8,3,2,7,4,1,5.622770476548869
122,7,5,5,3,9,6,9,2,5.909464878811729
332,9,2,7,2,8,7,4,10,6.572016063507716
303,7,4,5,4,7,2,1,6,4.909464656561728
336,8,10,4,5,6,7,2,3,6.078188897526235
588,6,6,4,10,10,10,3,9,8.04663852361214
609,10,9,4,4,1,5,9,10,7.326473888034979
920,10,6,7,10,10,2,4,2,7.628256773370885
370,9,4,7,10,1,10,2,7,6.748970749830247
405,10,2,5,5,5,1,4,6,5.299039292424897
779,10,8,6,3,8,8,7,8,8.308641034175926
962,10,6,4,5,1,7,1,10,6.8120701641584365
268,10,6,5,9,9,1,8,6,7.108367308297325
625,10,7,6,7,9,6,3,3,7.223593209934671
217,8,9,8,3,8,5,5,5,6.663922925588992
479,10,10,4,6,5,9,2,3,6.773661974779321
500,9,5,8,4,2,2,5,1,5.179697612483539
409,8,9,7,3,10,4,6,1,6.552811579880658
546,7,7,5,1,9,8,1,1,5.617283290726852
967,5,5,8,8,1,9,8,5,7.443071530565329
343,8,4,7,1,10,8,2,6,6.212619616165638
639,7,4,7,7,6,10,5,7,7.492454647213478
402,6,8,6,9,4,8,5,7,7.167352055571502
617,5,7,5,4,7,1,10,6,6.463648088460391
349,6,8,8,2,9,9,2,8,6.969821255853909
994,8,5,5,2,5,5,9,5,6.855965872734568
279,5,10,7,1,4,4,9,4,5.875171134236625
926,10,7,5,1,1,6,6,1,5.888887765291667
816,10,8,5,9,2,7,9,3,7.735252785275206
765,8,7,8,5,7,7,7,7,8.03977959689712
160,10,6,5,4,2,10,4,7,6.211248097522634
606,8,3,8,1,6,4,8,9,6.698216003414094
602,5,3,6,2,8,10,3,1,5.569272248346708
893,10,6,8,1,1,10,1,3,6.218105912987655
810,9,6,7,3,5,9,10,5,7.851850872305556
802,8,2,6,6,3,8,7,7,6.967077218442901
162,6,2,5,2,10,2,8,8,5.589848917366769
449,5,7,8,9,3,2,7,10,6.982166812765946
463,7,8,7,8,1,4,4,1,5.628257328995884
41,5,3,5,9,3,1,8,8,5.299039736924897
838,6,3,6,8,7,1,8,8,7.016459890591049
703,10,7,8,3,4,7,9,8,7.954731661530864
490,9,2,6,10,9,8,2,4,6.91357965699074
906,7,7,8,4,5,2,4,5,6.4855956093734575
174,7,3,6,7,10,10,2,3,6.230452470024691
4,5,8,5,7,10,7,3,1,5.7475994534372425
161,6,7,8,3,5,10,6,4,6.337448370804013
31,5,4,5,9,9,2,4,1,4.9108367308297325
623,6,4,6,6,10,10,3,9,7.595335325313787
818,10,5,4,9,2,6,2,6,6.614539475565844
60,5,6,5,3,1,7,5,3,4.451303087173354
384,6,2,7,9,4,4,2,8,5.769546863225309
971,7,6,7,4,6,6,7,9,7.823044091302468
427,7,3,7,2,9,8,8,7,6.951988513119856
431,10,9,4,3,3,9,4,1,5.958847217584877
408,6,5,4,7,1,8,6,7,6.052125709434156
577,10,7,4,10,7,2,5,1,6.533606985128601
803,6,10,8,5,6,5,6,7,7.717420153666152
273,9,3,7,1,5,3,8,4,5.367626559325103
371,6,3,4,9,4,10,4,10,6.750342490723251
999,6,7,8,8,9,9,9,5,8.984909627801954
595,10,5,5,4,10,4,4,4,6.558298321202675
63,8,8,7,4,4,4,8,2,5.7037036337361116
899,5,4,7,7,2,6,1,1,5.352536631627057
0,7,4,8,2,1,4,8,3,4.618655698369856
796,7,9,6,2,7,7,6,8,7.58298943502675
181,10,10,4,2,1,5,3,1,4.7421122676152265
290,6,7,6,4,2,8,9,7,6.514402946001543
373,6,4,8,10,5,3,10,10,7.502057166839506
285,6,10,5,7,3,3,5,1,5.384087450041153
882,6,3,4,1,7,5,4,2,5.204388504057613
776,8,3,7,6,3,7,6,7,6.931411955224794
935,10,9,7,2,8,2,1,2,6.400547562882202
679,10,6,4,5,10,9,6,7,8.04663841248714
102,7,4,6,3,5,7,5,5,5.382715931398148
618,5,8,6,9,3,8,7,9,7.71330515323714
607,8,4,4,10,10,8,3,7,7.573387471025721
743,9,7,7,10,1,5,5,10,7.759944232474279
682,8,5,8,9,2,10,3,4,7.0521253760591565
16,5,3,6,6,5,8,8,2,5.389574746988169
969,8,6,8,10,2,1,3,2,6.322358220855967
46,8,4,4,9,5,7,4,8,6.17969816810854
706,6,8,7,9,8,6,4,1,7.085047157491255
993,9,9,4,1,5,2,9,9,7.353908261395061
508,10,6,5,8,8,5,7,10,8.061727784560185
989,8,4,5,4,8,6,7,3,6.973935700657922
133,10,4,7,3,5,4,4,5,5.425239899081276
15,8,9,8,3,6,10,2,3,6.137174200425411
78,10,9,6,8,10,7,7,8,8.220850394898662
433,6,6,8,4,8,9,4,1,6.3360762965360085
784,7,7,4,3,7,8,6,10,7.5665285443106995
983,5,2,4,1,9,4,3,2,5.09327726947428
197,9,3,5,9,8,2,4,10,6.511659575340535
483,8,2,6,2,10,2,2,5,5.281206549690844
376,5,5,5,8,8,4,6,10,6.882029727576646
915,10,7,4,6,9,4,9,5,7.995883666070987
210,6,5,7,9,5,1,2,4,5.1563783506774685
20,8,4,5,1,10,10,7,5,6.268861437278806
425,5,9,8,1,10,8,10,10,8.197530355217593
668,6,3,6,1,2,10,9,3,5.909464212061728
54,7,2,5,1,5,3,1,3,3.4444443827083333
950,7,2,7,10,5,3,4,7,6.920437805830762
782,6,7,4,2,2,1,3,8,5.192042947145576
108,5,5,7,5,10,7,3,9,6.514403168251543
400,9,4,5,5,8,10,6,10,7.663922703338993
685,10,9,7,3,1,6,6,4,6.681755001573046
673,9,3,4,4,7,9,8,4,6.914951175633744
198,6,7,7,7,3,5,4,3,5.514403057126543
14,5,5,8,9,7,5,2,1,5.262002732813786
172,6,5,8,3,4,3,10,3,5.4787377939084365
359,5,6,7,6,9,5,1,5,5.984910405676954
714,10,5,5,5,7,5,7,9,7.595335214188785
785,7,6,7,1,7,5,5,9,6.943757623261831
865,8,4,6,2,7,5,2,7,6.304525700371913
662,10,6,4,5,1,9,6,3,6.400547896257201
513,9,10,7,7,9,2,10,1,7.569272359471707
722,7,10,5,5,4,9,6,7,7.606309141332819
8,6,7,6,10,6,9,9,10,7.875171467611626
873,10,10,4,5,9,10,2,5,8.063099080953188
684,10,3,7,4,4,5,1,10,6.430726195903293
73,7,2,5,6,3,1,1,4,3.7201645244521604
900,9,8,5,8,4,6,9,7,8.224964617452676
933,6,9,4,8,7,10,3,5,7.7709179373683135
634,6,7,6,6,1,6,3,8,6.237310618864712
835,8,2,7,8,3,4,3,4,6.013716408805042
422,9,8,4,4,8,3,4,10,6.820301276266461
235,6,2,8,8,6,3,3,1,4.941014808225823
286,10,3,7,10,8,8,4,9,7.757201306313271
129,7,3,4,9,1,4,4,9,5.294924403120884
443,7,9,8,2,4,5,1,5,5.725651043524177
301,10,7,7,4,3,4,9,2,6.155006498659465
532,10,2,4,2,2,6,10,9,6.347050112555041
64,6,2,8,1,8,4,8,4,5.205761245075617
860,10,8,4,3,7,1,4,5,6.422495528295268
559,8,4,4,6,5,5,1,7,5.75994445472428
311,7,5,6,8,4,9,8,9,7.4170092314732505
32,9,3,7,7,6,1,9,2,5.536351133664609
296,10,7,4,2,2,10,10,8,7.0219475209130655
419,10,2,5,8,5,3,3,10,6.316871924033951
83,10,6,6,1,8,1,3,9,5.606309919207819
594,7,2,7,6,7,2,3,6,5.807955385979423
501,5,2,8,4,7,6,10,4,6.429354677260289
411,8,4,4,4,8,4,3,1,5.057612673006172
824,10,7,7,9,4,9,9,8,8.994512036302984
585,7,6,8,2,4,7,10,9,7.418380638991255
848,9,9,6,1,9,2,8,6,7.404662896686214
299,10,8,5,5,4,3,1,9,6.027434484485082
107,9,4,8,6,10,4,5,9,7.012345556912037
119,9,10,5,1,9,6,7,6,6.779149382851338
335,5,3,4,2,8,4,7,6,5.327845962302984
557,5,5,8,2,4,10,6,1,5.882029505326646
113,5,6,7,1,10,6,4,7,5.897119210774692
281,5,6,6,3,4,1,1,1,3.755829565420268
836,9,3,4,6,6,3,2,7,6.13991668208642
426,9,8,7,8,10,6,9,8,8.698216225664094
42,8,2,4,6,6,7,3,1,4.676268815876028
567,9,3,8,1,4,9,10,9,7.393689302917181
589,5,8,7,5,6,7,8,9,7.673524667340022
187,5,5,6,2,6,1,8,5,4.99999977775
615,5,6,7,9,1,1,1,5,5.212619282790637
556,9,9,5,5,1,3,6,10,6.754457491152263
3,9,6,5,9,10,5,5,4,6.62002743926286
667,9,9,6,2,1,3,10,2,6.157749535945474
234,7,2,4,5,1,8,7,2,4.8148145349444444
96,6,6,5,10,8,10,5,2,6.6227708099238685
691,7,7,8,8,5,4,8,2,7.0644710440961935
269,9,10,6,10,10,1,9,10,8.48285290546245
566,8,10,6,10,7,6,6,1,7.517146094412551
985,5,5,4,8,7,6,7,3,6.968448737085906
437,7,2,6,7,5,8,1,8,6.091906195331275
200,8,4,8,6,8,4,7,1,6.016460668466049
291,10,3,7,8,2,10,3,3,6.1412890897294234
612,8,9,8,7,1,2,8,4,6.70644644877212
448,6,7,7,9,2,9,2,5,6.481480942319444
439,6,8,7,7,7,4,5,4,6.593963806670782
573,5,5,5,8,8,9,8,2,7.027434151110082
7,5,8,5,6,2,10,4,8,6.001371740893004
725,5,10,8,4,3,5,1,6,6.2373105077397115
50,9,8,6,7,1,6,7,4,6.060356599292181
423,7,9,5,10,10,7,7,3,7.820301276266461
140,7,10,6,8,6,10,9,6,7.931412733099794
135,8,9,7,3,6,10,2,9,6.925925769527778
786,5,4,7,5,5,6,7,1,6.071329637436214
601,8,9,4,5,4,3,1,10,6.316871701783951
493,9,4,4,9,4,3,6,7,6.418380750116255
553,7,2,4,7,3,5,1,3,4.75308575025926
27,7,3,5,5,5,1,8,6,5.030178299646091
257,8,5,6,4,4,1,5,4,4.971193107871914
225,10,4,5,9,3,6,9,4,6.55006832034465
788,6,5,6,3,10,4,3,8,6.6982157811640946
37,8,9,5,3,4,3,5,2,4.919067176187757
170,5,10,7,2,8,5,9,5,6.599451103617799
528,9,2,5,2,6,5,1,6,5.218106357487654
600,7,8,6,10,6,7,7,6,7.938270881939815
655,7,8,5,4,1,6,6,8,6.515774242394547
74,8,8,6,1,2,5,2,6,4.844993056840535
505,9,6,8,5,8,4,7,6,7.308641367550925
377,5,5,7,3,9,6,1,4,5.510287612197531
808,8,6,4,5,1,8,8,3,6.4759935342474275
366,9,9,8,2,1,10,5,2,6.244169656704732
238,8,7,5,10,10,9,7,10,8.565157470167696
255,9,10,7,10,3,2,7,8,7.34019174146502
123,10,2,4,5,9,8,3,5,5.910836619704733
663,6,2,8,2,5,7,5,7,6.1522625723734565
876,6,7,4,4,9,2,5,9,6.943757512136831
690,5,10,8,4,2,7,9,6,7.312756367979939
309,5,8,4,9,2,1,4,5,5.167352166696502
693,7,9,8,1,5,10,3,7,7.192043058270577
226,7,6,8,8,8,5,8,8,7.55006832034465
951,10,10,7,10,5,9,7,1,8.669409000161007
260,9,3,7,4,7,2,8,3,5.724279524881172
243,9,8,8,8,4,10,8,9,8.322359109855967
222,5,4,4,2,7,9,5,3,5.172839241393518
314,5,10,6,8,6,6,10,4,7.296295921763889
229,7,6,8,2,2,10,8,8,6.680383816305041
85,5,6,8,9,3,4,4,4,5.484224868605453
76,8,9,8,6,3,10,7,2,6.72016452445216
887,6,9,5,8,9,7,6,2,7.707817856290124
582,8,4,7,8,1,5,9,3,6.415637157205247
674,8,5,6,8,7,10,2,7,7.540465578468621
986,7,2,6,2,4,7,10,7,6.969820477978909
511,8,4,4,5,2,10,10,6,6.817557683355453
879,6,10,5,10,9,5,5,4,7.9465009939228395
401,8,10,7,2,8,10,8,9,8.28943710617387
514,6,6,7,10,7,7,6,3,7.196158503199588
750,10,3,8,1,5,1,3,5,5.5226328357345675
156,7,4,7,9,10,8,5,8,7.454046457834362
775,5,6,7,2,5,4,1,4,5.307269293282922
329,9,8,8,5,3,3,10,8,7.192043502770577
467,8,10,5,7,7,1,3,6,6.507544019286523
178,7,7,4,7,1,2,1,2,4.113854382994342
549,5,3,7,6,8,8,5,5,6.62002677251286
453,8,4,4,4,2,8,1,4,4.990397258123972
307,6,9,5,1,6,5,3,5,5.414265749687242
472,6,8,7,7,9,9,2,3,7.013716853305041
392,7,7,4,9,7,10,8,4,7.528120243806585
65,6,4,4,6,3,10,8,3,5.581618583133745
575,9,4,7,7,1,1,5,1,5.157749647070473
855,8,3,6,4,1,1,9,7,6.041151226665123
791,5,9,4,4,1,4,10,9,6.827159536231481
391,5,3,7,6,7,6,9,4,6.40329171141821
973,6,3,4,6,4,6,6,9,6.827159313981481
828,8,3,5,2,9,5,6,3,6.253771287330761
247,6,9,6,5,2,2,3,7,5.3319612961069955
412,9,2,5,8,7,2,10,4,6.432098270171297
67,7,9,4,3,9,1,1,2,4.585733805812757
289,5,2,5,8,9,2,7,2,5.389574413613169
399,10,6,4,8,6,5,10,4,7.16323683289249
138,8,5,8,8,10,4,2,6,6.555555395041667
537,10,6,4,9,9,5,7,5,7.602194140903807
265,5,9,7,6,5,6,5,3,6.105623826511317
724,5,2,6,1,7,3,3,1,4.488339313409465
653,5,6,5,6,6,3,9,2,6.138545163443415
318,6,8,5,10,6,7,10,8,7.925925547277777
232,6,8,5,5,1,1,7,8,5.436213715100308
21,9,7,5,3,6,6,1,6,5.3964334514531895
998,9,7,5,1,2,2,1,10,5.987653109587963
694,9,8,8,10,7,7,7,2,8.192043058270578
927,6,2,6,2,10,3,6,4,6.13991657096142
348,7,9,5,6,5,5,8,6,6.8436209825725305
968,6,7,6,3,8,1,9,3,6.695472077128086
992,10,6,4,3,8,6,10,3,7.602193585278807
764,9,3,7,6,3,8,10,2,7.0397795968971195
587,5,4,8,2,2,2,4,10,5.423867602563272
944,10,8,6,8,8,7,9,6,9.034292411075104
239,5,10,4,3,2,7,4,4,5.196158836574589
886,7,7,5,5,10,1,9,9,7.831274647785493
23,9,7,4,2,1,2,9,3,4.650205738908951
458,6,2,4,6,6,10,4,1,5.496570092142489
822,6,2,7,1,5,4,1,10,5.621398180030864
413,7,10,4,2,3,1,10,1,5.31001321956893
563,7,4,8,8,7,3,3,10,7.013716742180041
331,8,8,7,5,10,4,7,5,7.194786984556584
434,7,7,7,6,1,8,9,6,6.961590699370884
456,10,4,8,6,5,1,10,1,6.242797804686728
430,9,6,4,9,8,6,4,3,6.706446671022119
896,6,8,7,5,4,4,5,5,6.721535265220165
451,9,3,6,10,7,8,9,10,8.358024150824074
477,5,2,5,6,10,6,10,8,7.145404090158436
9,7,5,4,5,1,3,5,6,4.5061728340185185
325,7,5,7,6,1,5,8,6,6.063099747703189
812,9,5,4,4,2,4,2,6,5.6076807711008225
727,7,2,6,4,2,10,9,5,6.614539586690843
928,6,7,6,9,4,8,5,8,7.888887765291667
134,9,9,7,4,7,10,8,3,7.299039625799897
819,6,7,8,8,9,10,2,2,7.614539475565844
230,7,2,8,2,6,1,9,2,4.934156103760802
520,9,3,5,6,7,10,10,3,7.329217480945989
326,7,10,8,8,6,4,9,7,7.8120709420334355
142,6,8,4,10,8,5,8,6,7.060356488167181
491,5,4,8,6,1,3,4,4,5.042523412058127
379,7,5,6,2,9,7,3,10,6.6364878854789096
465,5,2,8,8,6,8,2,4,6.005486407947016
756,6,7,7,3,2,6,9,7,6.903977137364712
347,6,8,7,3,5,1,2,8,5.469135385407408
237,10,4,5,8,7,8,2,8,6.816186275837449
642,5,7,6,8,9,6,6,7,7.621398402280865
506,9,7,4,1,5,7,5,1,5.562413655006687
646,7,8,5,4,7,8,8,8,7.751713898241255
382,10,10,7,5,2,3,6,3,6.266117510992798
256,6,7,4,5,9,8,6,5,6.592592288027777
327,8,8,5,10,2,1,10,5,6.565157359042696
624,7,3,7,10,2,1,8,8,6.598078807099794
155,8,8,8,10,3,9,7,3,7.2030176521646085
578,8,10,7,4,5,8,7,6,7.658435517516974
640,10,9,4,10,2,4,3,1,6.245541064222737
997,9,8,8,6,8,3,3,10,8.233194951685698
242,7,9,5,4,5,9,1,4,5.8244167211954725
344,7,6,8,9,8,3,8,5,7.212619616165638
699,9,5,4,8,4,2,2,8,6.201645244521605
77,9,4,5,9,2,1,5,10,5.7229080062381685
821,8,9,5,5,8,9,4,9,8.241425619293725
903,9,8,8,8,4,8,4,1,7.48010864580144
540,9,10,7,3,2,4,4,5,6.2331955073106995
596,5,8,7,7,1,2,10,3,6.185184464930555
169,8,2,6,3,3,6,9,3,5.2249655064526745
526,9,5,5,5,2,6,4,9,6.338819667197017
361,7,2,6,4,5,7,8,3,5.737996822686214
917,8,6,5,3,7,5,4,8,6.9999988887499995
342,5,9,8,1,9,8,7,10,7.584361731544754
599,5,2,4,8,4,8,9,5,6.438956752386317
875,5,4,7,3,5,6,4,5,6.068586044525206
745,5,9,5,10,8,2,9,1,7.138545052318416
131,9,4,8,2,7,5,2,10,6.04663907923714
143,6,6,7,8,10,3,3,9,6.687242631895062
666,10,5,6,8,1,2,7,7,6.655691924605967
104,8,5,4,2,7,9,4,4,5.510287945572531
964,8,5,5,3,10,5,5,3,6.814813645944445
208,8,7,5,7,2,3,2,8,5.528120466056584
774,7,10,5,4,6,10,9,6,8.17695379732253
346,10,7,4,9,3,2,10,8,7.090534565563271
97,7,8,7,9,6,3,10,7,7.248285212758745
306,9,10,4,1,3,3,2,5,5.038408411629115
18,9,6,6,1,5,8,4,10,6.141289423104424
284,5,7,6,3,10,3,8,6,6.381343968255144
173,5,7,5,10,10,10,3,10,7.727023117792181
558,7,9,5,5,9,7,3,5,7.006858037715021
51,7,2,6,2,8,2,10,2,4.938271548689816
357,5,8,7,5,4,1,8,8,6.231823988667696
692,8,8,6,9,5,8,7,10,8.563785173649691
26,8,2,6,10,9,9,4,5,6.651577479801954
386,9,5,5,4,6,5,7,7,6.521261539341563
287,5,9,5,5,10,8,4,10,7.384087450041152
974,8,10,4,2,4,9,8,7,7.827159313981481
683,6,9,4,8,5,5,1,10,6.928668584563786
374,6,9,4,6,2,6,7,8,6.5048006486255145
278,10,8,7,8,6,7,8,1,7.246913249615741
367,10,4,8,3,3,9,5,7,6.62002699476286
800,7,4,5,2,1,6,3,9,5.716048412773148
11,9,5,6,8,5,6,7,7,6.631001366406894
310,5,8,5,9,4,4,9,10,7.1659804258034985
910,5,8,7,10,8,2,4,8,7.739367896829218
440,5,7,8,9,7,1,8,10,7.469135274282408
441,7,8,5,3,1,8,6,8,6.347050223680041
146,8,7,5,6,9,2,9,10,7.1906719841275715
614,8,2,6,7,8,6,6,5,6.834018462946502
262,10,5,4,9,6,9,9,3,7.224965395327676
34,9,7,8,9,8,2,8,9,7.536351133664608
407,9,8,8,6,2,9,6,4,7.049382227648149
564,5,10,5,6,8,5,3,1,6.141288756354424
538,8,7,4,6,10,5,2,9,7.104251752243313
748,5,8,6,1,10,2,4,9,6.64334614544393
675,8,7,8,9,8,6,2,8,7.916322916526749
224,10,7,7,6,2,1,7,9,6.423868047063271
10,8,3,7,4,3,6,4,1,4.507544574911523
708,5,3,5,4,5,9,6,4,6.089162380170268
636,7,3,6,9,5,4,6,3,6.24005410065072
218,7,8,4,4,1,4,6,4,5.042523745433128
193,5,9,4,6,5,7,1,9,6.00685848221502
106,6,6,5,8,3,1,9,7,5.762688492135288
834,8,2,7,4,1,8,9,2,6.262001732688786
597,5,4,8,4,8,7,3,4,6.18655620582356
45,8,5,6,1,5,9,2,9,5.679012297662037
264,5,2,4,4,7,6,4,1,4.481481164569445
219,10,4,5,7,9,10,8,3,7.290809069316873
249,10,2,5,6,8,1,8,9,6.458161569388374
507,9,2,6,2,7,9,7,9,7.061727784560185
383,10,10,8,10,4,9,3,10,8.514402834876543
631,10,8,5,3,9,9,8,3,7.731137784846194
502,6,3,5,1,8,4,7,8,5.931412288599795
792,10,2,6,7,7,5,6,9,7.577502471454732
271,8,10,6,5,7,10,10,2,7.611796660529835
194,6,3,5,4,1,10,8,3,5.259259028777778
937,8,8,4,10,1,5,9,3,7.277090771386832
726,6,4,4,7,7,3,6,4,6.113853716244342
339,6,10,5,9,4,3,6,5,6.456789717370371
841,8,9,8,3,4,4,7,1,6.646089516104938
874,9,7,6,9,6,1,6,3,7.065842562739197
214,6,6,4,3,1,3,4,6,4.412894119919239
924,9,10,5,5,6,4,1,8,7.259258139777779
203,8,7,8,9,4,10,8,10,8.267489474135802
629,8,3,7,4,4,8,1,10,6.48010897917644
354,6,3,7,10,1,1,10,6,5.9780517012119345
857,9,8,6,5,7,8,1,9,7.791494161888374
424,5,3,7,3,8,6,5,7,6.074073563722222
872,6,10,8,8,2,2,1,4,6.314127886622942
116,8,5,6,3,5,3,1,9,5.152263239123457
308,9,10,7,10,3,2,10,9,7.9122081383477365
698,5,9,6,3,6,9,9,9,7.947872957065844
622,9,10,7,7,6,2,8,4,7.469135052032407
103,9,6,4,6,1,3,10,6,5.758573269456275
464,5,4,8,6,4,10,1,6,6.128943199442387
870,10,4,6,3,8,2,3,7,6.5610414696136825
351,8,5,8,10,1,9,7,7,7.347050334805041
628,10,10,4,7,1,7,3,9,7.227708432613683
33,8,5,6,1,8,7,7,2,5.537722874557613
972,7,9,4,1,1,2,1,10,5.702330781593107
535,5,10,5,9,9,8,1,9,7.724279191506174
959,8,4,5,5,10,7,3,2,6.807954941479425
794,10,4,4,8,6,8,6,9,7.954731550405864
313,5,7,7,3,7,10,1,1,5.547324727433642
127,5,8,4,9,7,7,7,6,6.79012330999537
245,10,6,4,9,9,2,7,7,7.076817267758231
773,9,5,8,9,1,10,4,8,7.801096459264404
69,8,6,6,1,9,1,9,7,5.961591143870884
141,8,6,6,5,4,9,5,2,5.8106994233904325
139,8,3,4,10,6,1,1,5,4.934156214885802
398,6,9,6,10,7,4,5,9,7.53635068916461
889,7,6,8,6,6,6,7,10,8.20987546762963
995,6,7,8,3,7,7,8,7,7.980794405122942
757,9,5,7,9,7,8,9,1,7.903977137364712
783,5,2,8,2,8,5,7,3,6.067214414757202
420,5,8,8,6,2,4,10,3,6.318243664926955
790,7,5,6,2,3,1,6,6,5.577502471454732
592,7,2,7,10,8,9,5,1,6.928668695688787
978,6,5,8,9,6,6,2,9,7.707817745165124
735,6,4,6,1,7,6,1,5,5.502056722339507
731,5,10,6,9,5,10,5,2,7.493826276981482
932,6,6,4,5,5,3,6,1,5.772289678261317
497,6,4,8,4,6,10,1,6,6.299039181299897
813,8,10,5,8,4,7,5,2,7.231823433042695
2,10,2,7,3,10,4,4,7,5.869684504039609
649,9,2,6,10,4,9,4,2,6.632372329424897
455,8,5,4,2,7,4,1,2,4.7434836751332305
593,5,3,5,3,9,10,9,9,7.429354566135288
206,10,8,5,4,8,9,10,6,7.772290567261318
847,7,10,5,7,1,9,10,4,7.777776752958333
233,8,7,7,7,9,2,8,2,6.5610422474886825
87,5,10,8,4,8,10,1,9,6.984910739051955
333,6,3,7,6,9,9,9,1,6.698216336789095
738,8,2,5,7,2,7,6,5,6.255143139348765
350,5,6,6,1,8,7,10,10,7.096021529135289
805,8,8,7,10,6,2,2,6,7.220849505898662
700,9,8,6,1,9,6,9,1,7.076816712133231
92,7,6,7,3,2,1,7,6,4.994512925302983
68,5,5,8,8,7,6,10,4,6.709190597308127
746,10,5,6,7,1,1,6,1,5.6419744045509255
741,7,9,7,3,10,8,10,5,8.381343412630144
581,9,10,8,2,5,6,7,10,7.912207804972736
677,9,6,6,9,1,10,7,1,7.045266671594136
442,7,8,5,10,8,3,6,4,6.9725646265149175
749,9,9,5,2,9,1,10,1,6.769546418725309
25,5,6,4,10,4,1,8,3,5.152263350248457
936,6,7,6,4,1,8,4,10,7.026061965717078
90,9,10,6,7,8,1,2,7,6.364883299789095
715,6,9,6,5,9,1,6,6,6.972564293139918
240,9,9,7,10,5,7,1,6,7.069958563293209
13,6,6,6,3,10,7,2,1,5.135802459532408
126,7,4,6,4,1,5,2,1,3.917695324169753
761,5,9,6,10,10,1,10,6,8.159121165713477
302,8,4,6,7,1,4,1,8,5.282578512833847
650,8,4,7,9,10,2,8,3,7.257886732259774
365,10,5,5,3,5,2,3,5,5.244169656704732
905,5,9,6,8,10,2,1,1,6.484223868480452
415,9,3,5,1,8,9,9,2,6.311384960461934
397,10,7,8,6,6,6,2,6,6.910836286329732
435,9,9,7,4,1,1,7,5,5.964334181156893
945,9,3,8,2,4,9,1,1,5.914950842258745
930,8,7,5,1,3,7,2,1,5.519889131698559
687,5,9,7,9,3,1,9,5,6.934155548135802
852,5,10,5,4,3,10,8,6,7.534978392646604
712,6,5,5,7,8,2,9,7,7.09327760284928
470,6,10,6,6,7,1,1,2,5.513030982858539
43,6,5,4,1,10,7,4,1,4.802469089157408
550,5,3,7,8,2,7,7,8,6.621398513405865
844,8,6,4,1,1,8,10,9,7.024690335949074
150,6,5,8,5,2,10,1,6,5.57338802665072
168,6,3,8,2,8,10,7,3,6.097393492278292
519,8,7,7,6,10,10,4,3,7.577502804829733
531,9,8,7,6,3,8,3,7,7.094649565992284
643,9,7,7,7,2,4,3,7,6.624141884066873
428,6,9,4,4,8,6,2,5,6.079560527294238
659,9,4,8,10,6,6,3,8,7.644717997461934
766,10,2,4,3,4,6,9,4,6.293551884352881
732,9,2,6,9,4,2,10,10,7.495198017874486
916,10,4,7,3,10,10,7,8,8.621398068905865
979,9,4,7,10,5,2,4,2,6.710561226951132
372,5,7,7,9,3,5,10,4,6.751714231616255
778,9,4,8,9,8,5,7,4,7.8079551637294236
579,10,3,7,8,9,1,8,8,7.534978726021604
320,9,6,7,4,3,9,10,2,6.680383705180041
645,5,9,6,6,8,5,10,8,7.999999222125
5,6,7,4,2,3,8,10,7,5.873799726718621
294,7,5,4,1,6,2,9,6,5.396433118078189
117,8,2,5,10,5,4,3,2,5.028806447628087
555,9,2,8,7,2,1,3,10,6.004114555929012
29,6,9,5,1,6,10,4,5,5.781892975762346
259,8,3,8,9,7,4,10,7,7.345678705037037
47,8,4,4,9,10,10,2,6,6.680384038555041
678,8,10,5,2,7,4,1,7,6.422495750545267
543,8,2,4,9,3,3,3,4,5.238682470882716
908,5,2,5,3,2,10,4,8,6.113853493994341
586,8,2,4,9,8,8,7,7,7.41975237988426
98,9,9,7,2,3,3,8,4,5.751714564991255
55,8,7,6,2,5,7,7,9,6.441700900922324
913,5,5,6,5,6,7,6,1,6.37036926323611
199,9,5,8,3,8,1,1,2,4.891632136077675
539,10,2,7,4,3,4,10,1,5.857338169252572
759,7,2,4,2,1,5,9,9,5.909464100936728
